Step,Title,Summary,Files Affected
1,"Clone Repository","Cloned https://github.com/Abady001/Meter-.git",None
2,"Create AGENTS.md","Comprehensive AGENTS.md with stack, commands, constraints",AGENTS.md
3,"Verify Task 004","Located T004 in tasks.md line 77",tasks.md
4,"Read All Files for Building","Confirmed all critical files read",Multiple specs
5,"Full Deep Read","Git remote verified, all 85 tasks unchecked",None
6,"Task List Review","Compiled full app inventory",required-apps.txt
7,"Download & Install Apps","Installed Bun, NestJS CLI, Frontend deps (847), Playwright",None
8,"Install Speckit & Graphify","Merged remote branches (T001-T003), installed Speckit+Graphify+Python",backend/
9,"Document GitHub Packages","Created github-packages-needed.md and .txt",documentation/
10,"Final Verification","Frontend lint+build OK, Backend build+lint OK, Docker healthy, Speckit/Graphify working",None
11,"Create Documentation Files","Created 5 documentation files in documentation/ folder",documentation/
12,"Reorganize Documentation","Moved files into type subfolders, generated SQL/CSV/TXT/PDF versions",documentation/