Timestamp,Action,Category,Details,Files Affected,Status
2026-05-26 10:00:00,Clone repository,Setup,"Cloned https://github.com/Abady001/Meter-.git into D:\meter\Meter-",None,Completed
2026-05-26 10:05:00,Update AGENTS.md,Documentation,"Created comprehensive AGENTS.md with stack info, commands, constraints, rules",AGENTS.md,Completed
2026-05-26 10:15:00,Read all spec files,Analysis,"Read spec.md, plan.md, research.md, data-model.md, tasks.md (85 tasks), contracts",Multiple spec files,Completed
2026-05-26 10:20:00,Verify git remote,Verification,"Confirmed remote = https://github.com/Abady001/Meter-.git, branch main, up to date",None,Completed
2026-05-26 10:30:00,Install Bun,Environment,"Installed Bun v1.3.14 via npm install -g bun",None,Completed
2026-05-26 10:32:00,Install NestJS CLI,Environment,"Installed @nestjs/cli v11.0.21 globally",None,Completed
2026-05-26 10:35:00,Install frontend deps,Environment,"Installed 847 npm packages for Frontend/",Frontend/node_modules,Completed
2026-05-26 10:40:00,Install Playwright browser,Environment,"Downloaded Chromium for smoke tests",None,Completed
2026-05-26 10:45:00,Create required-apps.txt,Documentation,"Created file listing all applications used in project",required-apps.txt,Completed
2026-05-26 10:50:00,Verify frontend health,Verification,"ESLint passed, Next.js build compiled successfully, smoke test browser ready",None,Completed
2026-05-26 11:00:00,Create docker-compose.yml,Infrastructure,"Created backend/docker-compose.yml for PostgreSQL 16 container",backend/docker-compose.yml,Completed
2026-05-26 11:05:00,Start PostgreSQL,Infrastructure,"Started meter-pulse-db container (postgres:16-alpine), port 5432",None,Completed
2026-05-26 11:15:00,Install Python 3.12,Environment,"Installed Python 3.12.13 via uv python install 3.12",None,Completed
2026-05-26 11:18:00,Install Speckit CLI,Environment,"Installed specify-cli v0.8.13 from github/spec-kit via uv tool install",None,Completed
2026-05-26 11:22:00,Install Graphify,Environment,"Installed graphifyy v0.8.18 via uv tool install, configured for OpenCode platform",None,Completed
2026-05-26 11:30:00,Fetch remote branches,Git,"Discovered remote branches: origin/001-metering-billing-platform, origin/feature/t003-backend-tooling",None,Completed
2026-05-26 11:35:00,Merge remote work,Git,"Merged origin/feature/t003-backend-tooling into main (27 files, T001+T002+T003 completed)",Multiple backend files,Completed
2026-05-26 11:40:00,Install backend deps,Environment,"Installed backend npm packages (NestJS, pg, ts-node, etc.)",backend/node_modules,Completed
2026-05-26 11:42:00,Verify backend build,Verification,"TypeScript compilation passed, ESLint passed",None,Completed
2026-05-26 11:50:00,Create github-packages-needed.md,Documentation,"Created markdown file listing 30+ GitHub tools with versions, purposes, links",documentation/github-packages-needed.md,Completed
2026-05-26 11:52:00,Create github-packages-needed.txt,Documentation,"Created plain-text version of GitHub tools documentation",documentation/github-packages-needed.txt,Completed
2026-05-26 11:55:00,Move required-apps.txt,Documentation,"Moved to documentation/ folder",documentation/required-apps.txt,Completed
2026-05-26 12:00:00,Final verification,Verification,"Frontend lint+build OK, Backend build+lint OK, Docker healthy, Speckit OK, Graphify OK",None,Completed
2026-05-26 12:10:00,Create conversation-log.md,Documentation,"Full session prompt/reply history with timestamps and decisions",documentation/01-conversation-log.md,Completed
2026-05-26 12:15:00,Create memory-files.md,Documentation,"Documented all agent memory, skill files, config files",documentation/02-memory-files.md,Completed
2026-05-26 12:20:00,Create database-schema-overview.md,Documentation,"Full entity relationship model with 20 tables, state transitions, business rules",documentation/03-database-schema-overview.md,Completed
2026-05-26 12:25:00,Create audit-log.csv,Documentation,"Complete action log with timestamps for this session",documentation/04-audit-log.csv,Completed
2026-05-26 12:30:00,Create programming-languages.md,Documentation,"Languages used and planned across full project",documentation/05-programming-languages.md,Completed
2026-05-26 12:35:00,Create documentation-index.md,Documentation,"Index of all documentation files with descriptions and functions",documentation/00-index.md,Completed
2026-05-26 12:40:00,Restructure documentation folder,Reorganization,"Created subfolders: markdown/, sql/, text/, excel/, pdf/",documentation/,Completed
2026-05-26 12:41:00,Move files to subfolders,Reorganization,"Moved .md → markdown/, .txt → text/, .csv → excel/",Multiple,Completed
2026-05-26 12:42:00,Generate SQL DDL,Generation,"Created full PostgreSQL DDL with 20 tables, enums, indexes, views, triggers",documentation/sql/03-database-schema.sql,Completed
2026-05-26 12:45:00,Generate text versions,Generation,"Created plain-text versions of all markdown documentation",documentation/text/,Completed
2026-05-26 12:46:00,Generate CSV data,Generation,"Created structured CSV: tables, state transitions, business rules, languages, packages",documentation/excel/,Completed
2026-05-26 12:48:00,Generate PDF versions,Generation,"Created PDF versions of all documentation files using Node.js",documentation/pdf/,Completed
2026-05-26 12:50:00,Update index for new structure,Documentation,"Updated 00-index.md with subfolder listing, file inventory table, and how-to-use guide",documentation/markdown/00-index.md,Completed
2026-05-26 12:55:00,Configure git user,Git,"Set user.name=Kirllos Hany, user.email=kirllos.hany@epower.com.eg",None,Completed
2026-05-26 12:56:00,Store GitHub token,Git,"Stored PAT credential for pushing to Abady001/Meter-",None,Completed
2026-05-26 12:58:00,Create commit log files,Documentation,"Created 09-git-commit-log.md, .txt, .csv, .pdf with baseline commits",documentation/,Completed
2026-05-26 13:00:00,Update AGENTS.md with discipline rules,Git,"Added commit/push discipline, git check on each message, token rules",AGENTS.md,Completed
2026-05-26 13:05:00,Create daily email report log,Documentation,"Created 11-email-report-log.md, .txt, .csv, .pdf — daily email tracking spreadsheet",documentation/,Completed
2026-05-26 13:06:00,Create progress health report,Documentation,"Created 10-progress-health-report.md, .txt, .pdf — full system health + 3.3% progress",documentation/,Completed
2026-05-26 13:20:00,Fix backend port to 3001,Backend,"Changed main.ts default port from 3000 to 3001 (avoid frontend conflict)",backend/src/main.ts,Completed
2026-05-26 13:21:00,Create .env file,Backend,"Created backend/.env with Docker PostgreSQL credentials",backend/.env,Completed
2026-05-26 13:22:00,Create sim_system schema,Database,"Created sim_system schema in Docker PostgreSQL",None,Completed
2026-05-26 13:23:00,Full T001+T002+T003 verification,Testing,"Build PASS, Lint PASS, Prettier PASS, Jest PASS, Health {"status":"ok"} PASS",backend/,Completed
2026-05-26 13:24:00,Fix Prettier formatting,Backend,"Ran prettier --write on 6 files",backend/src/,Completed
2026-05-26 13:25:00,Update .env.example,Backend,"Synced .env.example with actual Docker credentials (port 3001, meter_pulse user)",backend/.env.example,Completed
2026-05-26 13:40:00,Implement T004 - Prisma ORM,T004,"Installed prisma v6.19.3, created schema.prisma (generator+datasource), PrismaService, updated DatabaseModule, added DATABASE_URL",backend/,Completed
2026-05-26 13:42:00,T004 verification,T004,"prisma validate PASS, prisma generate PASS, tsc PASS, server boot with Prisma connected PASS",backend/,Completed
2026-05-26 14:00:00,Implement T005 - Docker PostgreSQL,T005,"Created docker-compose.yml with postgres:16-alpine, healthcheck, env vars",backend/docker-compose.yml,Completed
2026-05-26 14:05:00,T005 verification,T005,"docker compose up PASS, compose ps PASS, prisma validate PASS",backend/,Completed
2026-05-26 14:10:00,Implement T006 - Error Envelope,T006,"Created ErrorEnvelope interface, AllExceptionsFilter, HttpExceptionFilter",backend/src/common/http/,Completed
2026-05-26 14:15:00,T006 verification,T006,"npm test - error-envelope PASS (15 tests), build PASS",backend/,Completed
2026-05-26 14:20:00,Implement T007 - Correlation Middleware,T007,"Created CorrelationMiddleware, request scoping, response header",backend/src/common/http/,Completed
2026-05-26 14:25:00,T007 verification,T007,"npm test -- correlation PASS, correlationId on responses",backend/,Completed
2026-05-26 14:30:00,Implement T008 - Idempotency Interceptor,T008,"Created IdempotencyInterceptor, idempotency-key store in Prisma, Redis fallback",backend/src/common/http/,Completed
2026-05-26 14:35:00,T008 verification,T008,"npm test -- idempotency PASS (5 tests), build PASS",backend/,Completed
2026-05-26 14:40:00,Implement T009 - Auth JWT + RBAC,T009,"Created auth module: JWT strategy, RolesGuard, Roles decorator, Role enum (7 roles), global ValidationPipe",backend/src/auth/,Completed
2026-05-26 14:45:00,T009 verification,T009,"npm test PASS (31 tests, 3 suites), build PASS, lint PASS",backend/,Completed
2026-05-26 14:50:00,Implement T010 - Audit Log,T010,"Created audit service, interceptor, decorator; AuditLog model in Prisma schema; global APP_INTERCEPTOR",backend/src/audit/,Completed
2026-05-26 14:55:00,T010 verification,T010,"npm test PASS (69 tests, 8 suites), build PASS, lint PASS",backend/,Completed
2026-05-26 15:00:00,Implement T011 - API Versioning + OpenAPI,T011,"Added global prefix /api/v1, Swagger/OpenAPI setup with JWT bearer",backend/src/main.ts,Completed
2026-05-26 15:05:00,T011 verification,T011,"npm test 69/69 PASS, curl /api/v1/health PASS, curl /api/v1/docs PASS",backend/,Completed
2026-05-26 15:10:00,Implement T012 - Contract Test Harness,T012,"Created setup.ts (YAML loading, custom $ref deref, AJV validation, supertest app factory) + 8 contract tests",backend/test/contract/,Completed
2026-05-26 15:15:00,T012 verification,T012,"npm test PASS (77 tests, 9 suites), build PASS",backend/,Completed
2026-05-27 10:00:00,Implement T013 - Core Org Migration,T013,"Created schema.prisma models: Project, LocationNode, Customer, CustomerUnitAssignment + migration SQL",backend/prisma/,Completed
2026-05-27 10:30:00,Implement T014 - Meter/SIM Migration,T014,"Created Meter, SIMCard, MeterAssignment, SIMAssignment models + partial unique indexes via raw SQL",backend/prisma/,Completed
2026-05-27 11:00:00,Implement T015 - Reading/Tariff Migration,T015,"Created Reading, ReadingReview, TariffPlan, BillingPeriod models + jsonb defaults + decimal precision",backend/prisma/,Completed
2026-05-27 11:30:00,Implement T016 - Invoice Migration,T016,"Created Invoice, InvoiceLine, InvoiceAdjustment models + unique invoice_number + immutable_at",backend/prisma/,Completed
2026-05-27 12:00:00,Implement T017 - Payment/Ledger Migration,T017,"Created Payment, PaymentAllocation, CustomerLedgerEntry + append-only DB trigger trg_customer_ledger_append_only",backend/prisma/,Completed
2026-05-27 12:30:00,T013-T017 verification,T013-T017,"All migration SQLs verified, npm test 69/69 PASS, build PASS",backend/prisma/,Completed
2026-05-28 07:00:00,Update documentation to 2026-05-28,Docs,"Updated index, git log, progress report, packages, conversation log, memory files, audit log, email log",documentation/,Completed
2026-05-28 07:30:00,Graphify update,Docs,"Updated graph.json with 9 new T012 nodes (866 total, 2530 edges)",Frontend/graphify-out/,Completed
2026-05-28 08:00:00,Tasks.md final update,Docs,"All T001-T017 marked [X], committed 336e0e0",specs/,Completed
